Auto-update on Mon Aug  4 02:59:51 UTC 2025
Auto-update on Tue Aug  5 04:13:10 UTC 2025
Auto-update on Wed Aug  6 03:59:36 UTC 2025
Auto-update on Thu Aug  7 03:59:11 UTC 2025
Auto-update on Fri Aug  8 03:58:48 UTC 2025
Auto-update on Sat Aug  9 03:40:58 UTC 2025
Auto-update on Sun Aug 10 03:58:02 UTC 2025
Auto-update on Mon Aug 11 03:58:22 UTC 2025
Auto-update on Tue Aug 12 03:39:14 UTC 2025
Auto-update on Wed Aug 13 03:42:30 UTC 2025
Auto-update on Thu Aug 14 03:42:40 UTC 2025
Auto-update on Fri Aug 15 03:43:49 UTC 2025
Auto-update on Sat Aug 16 03:35:50 UTC 2025
Auto-update on Sun Aug 17 03:46:35 UTC 2025
Auto-update on Mon Aug 18 03:54:20 UTC 2025
Auto-update on Tue Aug 19 03:31:10 UTC 2025
Auto-update on Wed Aug 20 03:30:27 UTC 2025
Auto-update on Thu Aug 21 03:29:25 UTC 2025
Auto-update on Fri Aug 22 03:29:26 UTC 2025
Auto-update on Sat Aug 23 03:14:53 UTC 2025
Auto-update on Sun Aug 24 03:39:18 UTC 2025
Auto-update on Mon Aug 25 03:37:19 UTC 2025
Auto-update on Tue Aug 26 03:30:50 UTC 2025
Auto-update on Wed Aug 27 03:11:35 UTC 2025
Auto-update on Thu Aug 28 03:12:21 UTC 2025
Auto-update on Fri Aug 29 03:11:23 UTC 2025
Auto-update on Sat Aug 30 03:04:48 UTC 2025
Auto-update on Sun Aug 31 03:14:33 UTC 2025
Auto-update on Mon Sep  1 03:41:49 UTC 2025
Auto-update on Tue Sep  2 03:15:14 UTC 2025
Auto-update on Wed Sep  3 03:01:40 UTC 2025
Auto-update on Thu Sep  4 01:09:57 UTC 2025
Auto-update on Fri Sep  5 01:11:33 UTC 2025
Auto-update on Sat Sep  6 01:09:43 UTC 2025
Auto-update on Sun Sep  7 01:16:35 UTC 2025
Auto-update on Mon Sep  8 01:15:26 UTC 2025
Auto-update on Tue Sep  9 01:12:45 UTC 2025
Auto-update on Wed Sep 10 01:10:37 UTC 2025
Auto-update on Thu Sep 11 01:12:19 UTC 2025
Auto-update on Fri Sep 12 01:09:30 UTC 2025
Auto-update on Sat Sep 13 01:06:27 UTC 2025
Auto-update on Sun Sep 14 01:16:05 UTC 2025
Auto-update on Mon Sep 15 01:16:26 UTC 2025
Auto-update on Tue Sep 16 01:10:26 UTC 2025
Auto-update on Wed Sep 17 01:10:21 UTC 2025
Auto-update on Thu Sep 18 01:10:13 UTC 2025
Auto-update on Fri Sep 19 01:12:36 UTC 2025
Auto-update on Sat Sep 20 01:08:59 UTC 2025
Auto-update on Sun Sep 21 01:18:05 UTC 2025
Auto-update on Mon Sep 22 01:17:13 UTC 2025
Auto-update on Tue Sep 23 01:10:34 UTC 2025
Auto-update on Wed Sep 24 01:11:49 UTC 2025
Auto-update on Thu Sep 25 01:12:13 UTC 2025
Auto-update on Fri Sep 26 01:11:59 UTC 2025
Auto-update on Sat Sep 27 01:08:57 UTC 2025
Auto-update on Sun Sep 28 01:18:53 UTC 2025
Auto-update on Mon Sep 29 01:13:51 UTC 2025
Auto-update on Tue Sep 30 01:12:55 UTC 2025
Auto-update on Wed Oct  1 01:20:03 UTC 2025
Auto-update on Thu Oct  2 01:10:28 UTC 2025
Auto-update on Fri Oct  3 01:10:23 UTC 2025
Auto-update on Sat Oct  4 01:07:42 UTC 2025
Auto-update on Sun Oct  5 01:18:07 UTC 2025
Auto-update on Mon Oct  6 01:12:51 UTC 2025
Auto-update on Tue Oct  7 01:11:24 UTC 2025
Auto-update on Wed Oct  8 01:11:10 UTC 2025
Auto-update on Thu Oct  9 01:12:01 UTC 2025
Auto-update on Fri Oct 10 01:12:06 UTC 2025
Auto-update on Sat Oct 11 01:09:12 UTC 2025
Auto-update on Sun Oct 12 01:15:07 UTC 2025
Auto-update on Mon Oct 13 01:16:46 UTC 2025
Auto-update on Tue Oct 14 01:11:59 UTC 2025
Auto-update on Wed Oct 15 01:14:02 UTC 2025
Auto-update on Thu Oct 16 01:13:26 UTC 2025
Auto-update on Fri Oct 17 01:12:56 UTC 2025
Auto-update on Sat Oct 18 01:09:42 UTC 2025
Auto-update on Sun Oct 19 01:21:26 UTC 2025
Auto-update on Mon Oct 20 01:18:36 UTC 2025
Auto-update on Tue Oct 21 01:15:17 UTC 2025
Auto-update on Wed Oct 22 01:16:48 UTC 2025
Auto-update on Thu Oct 23 01:14:46 UTC 2025
Auto-update on Fri Oct 24 01:11:17 UTC 2025
Auto-update on Sat Oct 25 01:12:15 UTC 2025
Auto-update on Sun Oct 26 01:19:26 UTC 2025
Auto-update on Mon Oct 27 01:20:56 UTC 2025
Auto-update on Tue Oct 28 01:13:39 UTC 2025
Auto-update on Wed Oct 29 01:18:39 UTC 2025
Auto-update on Thu Oct 30 01:18:09 UTC 2025
Auto-update on Fri Oct 31 01:15:44 UTC 2025
Auto-update on Sat Nov  1 01:19:57 UTC 2025
Auto-update on Sun Nov  2 01:20:40 UTC 2025
Auto-update on Mon Nov  3 01:19:14 UTC 2025
Auto-update on Tue Nov  4 01:16:12 UTC 2025
Auto-update on Wed Nov  5 01:17:34 UTC 2025
Auto-update on Thu Nov  6 01:17:13 UTC 2025
Auto-update on Fri Nov  7 01:16:35 UTC 2025
Auto-update on Sat Nov  8 01:12:59 UTC 2025
Auto-update on Sun Nov  9 01:20:02 UTC 2025
Auto-update on Mon Nov 10 01:20:05 UTC 2025
Auto-update on Tue Nov 11 01:17:44 UTC 2025
Auto-update on Wed Nov 12 01:17:18 UTC 2025
Auto-update on Thu Nov 13 01:17:48 UTC 2025
Auto-update on Fri Nov 14 01:16:57 UTC 2025
Auto-update on Sat Nov 15 01:15:18 UTC 2025
Auto-update on Sun Nov 16 01:21:55 UTC 2025
Auto-update on Mon Nov 17 01:18:16 UTC 2025
Auto-update on Tue Nov 18 01:17:13 UTC 2025
Auto-update on Wed Nov 19 01:16:58 UTC 2025
Auto-update on Thu Nov 20 01:15:46 UTC 2025
Auto-update on Fri Nov 21 01:16:31 UTC 2025
Auto-update on Sat Nov 22 01:13:53 UTC 2025
Auto-update on Sun Nov 23 01:26:56 UTC 2025
Auto-update on Mon Nov 24 01:22:06 UTC 2025
Auto-update on Tue Nov 25 01:17:34 UTC 2025
Auto-update on Wed Nov 26 01:17:58 UTC 2025
Auto-update on Thu Nov 27 01:16:15 UTC 2025
Auto-update on Fri Nov 28 01:15:28 UTC 2025
Auto-update on Sat Nov 29 01:15:50 UTC 2025
Auto-update on Sun Nov 30 01:26:26 UTC 2025
Auto-update on Mon Dec  1 01:41:15 UTC 2025
Auto-update on Tue Dec  2 01:19:01 UTC 2025
Auto-update on Wed Dec  3 01:19:17 UTC 2025
Auto-update on Thu Dec  4 01:19:24 UTC 2025
Auto-update on Fri Dec  5 01:19:50 UTC 2025
Auto-update on Sat Dec  6 01:15:42 UTC 2025
Auto-update on Sun Dec  7 01:26:31 UTC 2025
Auto-update on Mon Dec  8 01:19:49 UTC 2025
Auto-update on Tue Dec  9 01:19:27 UTC 2025
Auto-update on Wed Dec 10 01:21:04 UTC 2025
Auto-update on Thu Dec 11 01:21:56 UTC 2025
Auto-update on Fri Dec 12 01:21:35 UTC 2025
Auto-update on Sat Dec 13 01:17:00 UTC 2025
Auto-update on Sun Dec 14 01:26:54 UTC 2025
Auto-update on Mon Dec 15 01:24:00 UTC 2025
Auto-update on Tue Dec 16 01:22:32 UTC 2025
Auto-update on Wed Dec 17 01:17:29 UTC 2025
Auto-update on Thu Dec 18 01:18:17 UTC 2025
Auto-update on Fri Dec 19 01:21:34 UTC 2025
Auto-update on Sat Dec 20 01:17:50 UTC 2025
Auto-update on Sun Dec 21 01:26:56 UTC 2025
Auto-update on Mon Dec 22 01:25:10 UTC 2025
Auto-update on Tue Dec 23 01:21:44 UTC 2025
Auto-update on Wed Dec 24 01:20:42 UTC 2025
Auto-update on Thu Dec 25 01:21:33 UTC 2025
Auto-update on Fri Dec 26 01:21:56 UTC 2025
Auto-update on Sat Dec 27 01:20:02 UTC 2025
Auto-update on Sun Dec 28 01:39:43 UTC 2025
Auto-update on Mon Dec 29 01:27:57 UTC 2025
Auto-update on Tue Dec 30 01:22:26 UTC 2025
Auto-update on Wed Dec 31 01:23:13 UTC 2025
Auto-update on Thu Jan  1 01:40:46 UTC 2026
Auto-update on Fri Jan  2 01:23:45 UTC 2026
Auto-update on Sat Jan  3 01:19:18 UTC 2026
Auto-update on Sun Jan  4 01:40:49 UTC 2026
Auto-update on Mon Jan  5 01:40:49 UTC 2026
Auto-update on Tue Jan  6 01:23:40 UTC 2026
Auto-update on Wed Jan  7 01:23:54 UTC 2026
Auto-update on Thu Jan  8 01:24:38 UTC 2026
Auto-update on Fri Jan  9 01:24:30 UTC 2026
Auto-update on Sat Jan 10 01:22:02 UTC 2026
Auto-update on Sun Jan 11 01:40:45 UTC 2026
Auto-update on Mon Jan 12 01:27:44 UTC 2026
Auto-update on Tue Jan 13 01:20:56 UTC 2026
Auto-update on Wed Jan 14 01:27:07 UTC 2026
Auto-update on Thu Jan 15 01:22:48 UTC 2026
Auto-update on Fri Jan 16 01:25:10 UTC 2026
Auto-update on Sat Jan 17 01:21:01 UTC 2026
Auto-update on Sun Jan 18 01:39:58 UTC 2026
Auto-update on Mon Jan 19 01:28:36 UTC 2026
Auto-update on Tue Jan 20 01:24:04 UTC 2026
Auto-update on Wed Jan 21 01:26:48 UTC 2026
Auto-update on Thu Jan 22 01:26:38 UTC 2026
Auto-update on Fri Jan 23 01:23:58 UTC 2026
Auto-update on Sat Jan 24 01:22:19 UTC 2026
Auto-update on Sun Jan 25 01:42:29 UTC 2026
Auto-update on Mon Jan 26 01:42:10 UTC 2026
Auto-update on Tue Jan 27 01:39:38 UTC 2026
Auto-update on Wed Jan 28 01:26:36 UTC 2026
Auto-update on Thu Jan 29 01:47:43 UTC 2026
Auto-update on Fri Jan 30 01:48:11 UTC 2026
Auto-update on Sat Jan 31 01:43:55 UTC 2026
Auto-update on Sun Feb  1 02:02:31 UTC 2026
Auto-update on Mon Feb  2 01:55:02 UTC 2026
Auto-update on Tue Feb  3 01:53:43 UTC 2026
Auto-update on Wed Feb  4 01:48:27 UTC 2026
Auto-update on Thu Feb  5 01:50:18 UTC 2026
Auto-update on Fri Feb  6 01:49:29 UTC 2026
Auto-update on Sat Feb  7 01:46:35 UTC 2026
Auto-update on Sun Feb  8 02:12:40 UTC 2026
Auto-update on Mon Feb  9 01:56:56 UTC 2026
Auto-update on Tue Feb 10 02:07:20 UTC 2026
Auto-update on Wed Feb 11 02:03:22 UTC 2026
Auto-update on Thu Feb 12 01:56:11 UTC 2026
